date,short_story,full_story,title,category,alt_name
2023-07-04 15:22:32.136992,"<p> <center><a href=""https://www.amazon.de/dp/352230585X?&tag=buch0ed-21"" target=""_blank""><img src=""https://m.media-amazon.com/images/I/81AWKRFJgqL._SY522_.jpg"" ""></a> </center></p><p><br></p> <p>Preis: €4.44</p> Die wichtigsten Geschichten aus der Bibel. Ein wunderschönes Geschenk zur Taufe für Jungen und Mädchen.In farbenfrohen Bildern und einfachen Worten lernen Kinder in diesem Buch die schönsten Geschicht...","<p> <center><a href=""https://www.amazon.de/dp/352230585X?&tag=buch0ed-21"" target=""_blank""><img src=""https://m.media-amazon.com/images/I/81AWKRFJgqL._SY522_.jpg"" ""></a> </center></p><p><br></p> <p>Preis: €4.44</p> Die wichtigsten Geschichten aus der Bibel. Ein wunderschönes Geschenk zur Taufe für Jungen und Mädchen.In farbenfrohen Bildern und einfachen Worten lernen Kinder in diesem Buch die schönsten Geschichten aus dem Alten und Neuen Testament kennen: Von Gottes Schöpfung, Noahs Bau der Arche, Mose im Schilfkörbchen, Jona und dem Wal, der Geburt von Jesus und der Ostergeschichte wird anschaulich und kindgerecht erzählt.Das ideale Taufgeschenk für Taufpaten, Großeltern und Eltern, mit Widmungsseite für einen persönlichen Gruß. <p><strong>   Reading age       Baby - 2 years, from customers     <br>   Part of series      Dein kleiner Begleiter   <br>   Print length      152 pages   <br>   Language      German   <br>   Dimensions      18.8 x 1.8 x 19.6 cm   <br>   Publisher      Gabriel Verlag   <br>   Publication date      26 Jan. 2021   <br>   ISBN-10      352230585X   <br>   ISBN-13      978-3522305853   </strong></p><p> <center><a href=""https://www.amazon.de/dp/352230585X?&tag=buch0ed-21"" target=""_blank"">Dein kleiner Begleiter: Meine bunte Taufbibel: Schönes Taufgeschenk, mit Widmungsseite für das Taufkind</a></center> </p>","Dein kleiner Begleiter: Meine bunte Taufbibel: Schönes Taufgeschenk, mit Widmungsseite für das Taufkind",29,dein-kleiner-begleiter-meine-bunte-taufbibel-schnes-taufgeschenk-mit-widmungsseite-fr-das-taufkin
2023-07-04 15:22:41.199894,"<p> <center><a href=""https://www.amazon.de/dp/3833883197?&tag=buch0ed-21"" target=""_blank""><img src=""https://m.media-amazon.com/images/I/6112KdcoBzL._SY522_.jpg"" ""></a> </center></p><p><br></p> <p>Preis: €16.99</p> ​Stell dir vor, du kannst nicht scheitern und das Universum unterstützt dich zu 100 Prozent bei deiner Mission. Du lebst im Einklang mit deiner schöpferischen Seele und auf einmal gehen alle kosmische...","<p> <center><a href=""https://www.amazon.de/dp/3833883197?&tag=buch0ed-21"" target=""_blank""><img src=""https://m.media-amazon.com/images/I/6112KdcoBzL._SY522_.jpg"" ""></a> </center></p><p><br></p> <p>Preis: €16.99</p> ​Stell dir vor, du kannst nicht scheitern und das Universum unterstützt dich zu 100 Prozent bei deiner Mission. Du lebst im Einklang mit deiner schöpferischen Seele und auf einmal gehen alle kosmischen Kräfte mit dir in Resonanz. Wie fühlt sich das an? Maxim Mankevich, Speaker und Experte für Erfolgswissen, hat bereits Tausende von Menschen inspiriert und auf dem Weg zu ihrer persönlichen Exzellenz begleitet. Er kennt die Gesetze des Universums und macht sie in ""Soul Master"" für jeden Menschen nutzbar. Seine These: Das Universum stellt sich uneingeschränkt hinter uns, sobald wir uns in Einklang mit unserer Seelenaufgabe bringen. Wir entdecken unseren leuchtenden Kern und erwecken Schritt für Schritt unser inneres Genie.Dieses Buch ist eine Schatzkiste voller Praxis-Tools zu verschiedenen Lebensbereichen: Seele, Beziehung, Berufung, Geld, Glück, Umfeld, Spiritualität, Bewusstsein und Kreation. Inklusive Online-Kurs und zahlreichen Tests, Checklisten & Meditationen.​ <p><strong>   Print length      240 pages   <br>   Language      German   <br>   Publisher      unum, ein Imprint von GRÄFE UND UNZER Verlag GmbH   <br>   Publication date      2 Mar. 2022   <br>   Dimensions      21 x 2.4 x 13.8 cm   <br>   ISBN-10      3833883197   <br>   ISBN-13      978-3833883194   </strong></p><p> <center><a href=""https://www.amazon.de/dp/3833883197?&tag=buch0ed-21"" target=""_blank"">Soul Master - SPIEGEL-Bestseller #1: Wie du deine Seelenkräfte entfesselst und das Universum auf deine Seite bringst (Spiritualität)</a></center> </p>",Soul Master - SPIEGEL-Bestseller #1: Wie du deine Seelenkräfte entfesselst und das Universum auf deine Seite bringst (Spiritualität),29,soul-master--spiegelbestseller-1-wie-du-deine-seelenkrfte-entfesselst-und-das-universum-auf-deine-seite-bringst-spiritualit
2023-07-04 15:22:53.555278,"<p> <center><a href=""https://www.amazon.de/dp/3000693769?&tag=buch0ed-21"" target=""_blank""><img src=""https://m.media-amazon.com/images/I/414GYM2VnJL._SY445_SX342_.jpg"" ""></a> </center></p><p><br></p> <p>Preis: €0.00</p>  <p><strong>   Print length      190 pages   <br>   Language      German   <br>   Publication date      22 Jun. 2021   <br>   Dimensions      12.7 x 1.22 x 20.32 cm   <br>   ISBN-10      3000693769   ...","<p> <center><a href=""https://www.amazon.de/dp/3000693769?&tag=buch0ed-21"" target=""_blank""><img src=""https://m.media-amazon.com/images/I/414GYM2VnJL._SY445_SX342_.jpg"" ""></a> </center></p><p><br></p> <p>Preis: €0.00</p>  <p><strong>   Print length      190 pages   <br>   Language      German   <br>   Publication date      22 Jun. 2021   <br>   Dimensions      12.7 x 1.22 x 20.32 cm   <br>   ISBN-10      3000693769   <br>   ISBN-13      978-3000693762   </strong></p><p> <center><a href=""https://www.amazon.de/dp/3000693769?&tag=buch0ed-21"" target=""_blank"">Der Millionär und der Mönch: Eine wahre Geschichte über den Sinn des Lebens</a></center> </p>",Der Millionär und der Mönch: Eine wahre Geschichte über den Sinn des Lebens,29,der-millionr-und-der-mnch-eine-wahre-geschichte-ber-den-sinn-des-leben
2023-07-04 15:23:06.428525,"<p> <center><a href=""https://www.amazon.de/dp/345342493X?&tag=buch0ed-21"" target=""_blank""><img src=""https://m.media-amazon.com/images/I/71UXR2SHxKL._SY522_.jpg"" ""></a> </center></p><p><br></p> <p>Preis: €10.99</p> Finde dich selbst. Bevor es ein anderer tut.Um der Midlifecrisis zu entgehen, begibt sich Björn Diemel auf Anraten seines Therapeuten auf Pilgerreise. Schnell stellt sich als Erkenntnis auf dem Jakobs...","<p> <center><a href=""https://www.amazon.de/dp/345342493X?&tag=buch0ed-21"" target=""_blank""><img src=""https://m.media-amazon.com/images/I/71UXR2SHxKL._SY522_.jpg"" ""></a> </center></p><p><br></p> <p>Preis: €10.99</p> Finde dich selbst. Bevor es ein anderer tut.Um der Midlifecrisis zu entgehen, begibt sich Björn Diemel auf Anraten seines Therapeuten auf Pilgerreise. Schnell stellt sich als Erkenntnis auf dem Jakobsweg heraus, dass Björns Leben die Mitte bereits längst überschritten haben könnte: Ein unbekannter Mitpilger versucht, ihn zu töten.Während bei den scheiternden Anschlägen auf ihn ein Pilger nach dem anderen seinen Lebensweg verlässt, versucht Björn ganz achtsam, sich seiner Haut zu wehren. Seine Pilger-Fragen nach Leben, Tod und Erfüllung bekommen plötzlich eine sehr praxisnahe Relevanz. <p><strong>   Reading age       13+ years, from customers     <br>   Book 3 of 4      Achtsam morden   <br>   Print length      400 pages   <br>   Language      German   <br>   Dimensions      12.1 x 3.5 x 18.8 cm   <br>   Publisher      Heyne Verlag   <br>   Publication date      14 Sept. 2022   <br>   ISBN-10      345342493X   <br>   ISBN-13      978-3453424937   </strong></p><p> <center><a href=""https://www.amazon.de/dp/345342493X?&tag=buch0ed-21"" target=""_blank"">Achtsam morden am Rande der Welt (3): Roman (Achtsam morden-Reihe, Band 3)</a></center> </p>","Achtsam morden am Rande der Welt (3): Roman (Achtsam morden-Reihe, Band 3)",29,achtsam-morden-am-rande-der-welt-3-roman-achtsam-mordenreihe-band-
2023-07-04 15:23:17.800682,"<p> <center><a href=""https://www.amazon.de/dp/3451360004?&tag=buch0ed-21"" target=""_blank""><img src=""https://m.media-amazon.com/images/I/51iuuy8EfRL._SY445_SX342_.jpg"" ""></a> </center></p><p><br></p> <p>Preis: €9.90</p> Die revidierte Einheitsübersetzung wird über Deutschland, Österreich und die Schweiz hinaus im gesamten deutschsprachigen Raum genutzt und ist die verbindliche Fassung für Liturgie, Seelsorge und Geme...","<p> <center><a href=""https://www.amazon.de/dp/3451360004?&tag=buch0ed-21"" target=""_blank""><img src=""https://m.media-amazon.com/images/I/51iuuy8EfRL._SY445_SX342_.jpg"" ""></a> </center></p><p><br></p> <p>Preis: €9.90</p> Die revidierte Einheitsübersetzung wird über Deutschland, Österreich und die Schweiz hinaus im gesamten deutschsprachigen Raum genutzt und ist die verbindliche Fassung für Liturgie, Seelsorge und Gemeinde.Sie ist der aktuelle, unentbehrliche Bibel-Klassiker für Kirche, Unterricht und alle Bibelleser und Bibelnutzer: handlich, gut lesbar, preiswert. In die revidierte Einheitsübersetzung 2017 fließen neue Erkenntnisse zu frühen Textzeugen, eine engere Orientierung am Urtext und die Berücksichtigung von Änderungen im aktuellen Sprachgebrauch ein. Der Anhang enthält: Die Einheitsübersetzung der Heiligen Schrift und ihre Revision – ein einführender Überblick/Die Textgrundlagen der Einheitsübersetzung und ihrer Revision/Maße, Gewichte und Münzen/Kalender und Festtage/Namen und Begriffe/Zeittafel zur biblischen Geschichte/Karten und Abkürzungen. <p><strong>   Print length      1504 pages   <br>   Language      German   <br>   Publisher      Verlag Herder   <br>   Publication date      20 Feb. 2017   <br>   Dimensions      12.29 x 20.19 cm   <br>   ISBN-10      9783451360008   <br>   ISBN-13      978-3451360008   </strong></p><p> <center><a href=""https://www.amazon.de/dp/3451360004?&tag=buch0ed-21"" target=""_blank"">Die Bibel: Einheitsübersetzung der Heiligen Schrift</a></center> </p>",Die Bibel: Einheitsübersetzung der Heiligen Schrift,29,die-bibel-einheitsbersetzung-der-heiligen-schrif
2023-07-04 15:23:29.934654,"<p> <center><a href=""https://www.amazon.de/dp/3471360212?&tag=buch0ed-21"" target=""_blank""><img src=""https://m.media-amazon.com/images/I/61kuAipiA2L._SY522_.jpg"" ""></a> </center></p><p><br></p> <p>Preis: €16.99</p> Der Oscar-Gewinner 2023 - der Vorgänger zum Filmbuch des preisgekrönten KurzfilmsDer Sunday Times und New York Times Nr. 1-Bestseller - das meistverkaufteste Buch 2020 in Großbritannien„Pures Glück“ L...","<p> <center><a href=""https://www.amazon.de/dp/3471360212?&tag=buch0ed-21"" target=""_blank""><img src=""https://m.media-amazon.com/images/I/61kuAipiA2L._SY522_.jpg"" ""></a> </center></p><p><br></p> <p>Preis: €16.99</p> Der Oscar-Gewinner 2023 - der Vorgänger zum Filmbuch des preisgekrönten KurzfilmsDer Sunday Times und New York Times Nr. 1-Bestseller - das meistverkaufteste Buch 2020 in Großbritannien„Pures Glück“ London Evening StandardEin einsamer Junge und ein Maulwurf begegnen sich, ein Fuchs und ein Pferd schließen sich ihnen an. Sie alle fühlen sich von der Welt im Stich gelassen, doch in ihren Gesprächen über ihre Angst und Einsamkeit geben sie sich gegenseitig Kraft und Unterstützung. Ein Buch voller Hoffnung in unsicheren Zeiten und über die heilende Kraft der Freundschaft.„Die Welt, in der ich leben muss, ist unsere. Aber die Welt, in der ich gern leben würde, ist die, die Charlie Mackesy erschaffen hat.“ Elizabeth Gilbert , Autorin von Eat, Pray, Love„Ein wundervolles Kunstwerk und ein wundervoller Blick ins menschliche Herz.“ Richard Curtis, Drehbuchautor von Vier Hochzeiten und ein Todesfall, Notting Hill, den Bridget-Jones-Filmen, Tatsächlich … Liebe und Mr Bean„Die Welt braucht Charlie Mackesys Arbeit gerade jetzt ganz besonders.“ Miranda Hart, britische Schauspielerin, Autorin und Stand-up-Kabarettistin„Es gibt kein schöneres Buch, das man jemandem, den man liebt, schenken könnte.” Chris Evans, US-amerikanischer Schauspieler <p><strong>   Reading age      Baby - 6 years   <br>   Print length      128 pages   <br>   Language      German   <br>   Dimensions      16.7 x 2.1 x 21.9 cm   <br>   Publisher      List Hardcover   <br>   Publication date      28 Feb. 2020   <br>   ISBN-10      3471360212   <br>   ISBN-13      978-3471360217   </strong></p><p> <center><a href=""https://www.amazon.de/dp/3471360212?&tag=buch0ed-21"" target=""_blank"">Der Junge, der Maulwurf, der Fuchs und das Pferd: Ein Geschenkbuch für alle, die ein bisschen Mut verschenken wollen | Oscar-Gewinner 2023</a></center> </p>","Der Junge, der Maulwurf, der Fuchs und das Pferd: Ein Geschenkbuch für alle, die ein bisschen Mut verschenken wollen | Oscar-Gewinner 2023",29,der-junge-der-maulwurf-der-fuchs-und-das-pferd-ein-geschenkbuch-fr-alle-die-ein-bisschen-mut-verschenken-wollen--oscargewinner-202
2023-07-04 15:23:41.640834,"<p> <center><a href=""https://www.amazon.de/dp/3747404901?&tag=buch0ed-21"" target=""_blank""><img src=""https://m.media-amazon.com/images/I/81MW4FCNggL._SY522_.jpg"" ""></a> </center></p><p><br></p> <p>Preis: €12.99</p> Wer bist du ohne die Erwartungen anderer?  Immer wieder versuchen wir, es allen recht zu machen, und legen viel zu viel Wert auf die Erwartung anderer, die sehr viel mehr Meinung als Ahnung davon habe...","<p> <center><a href=""https://www.amazon.de/dp/3747404901?&tag=buch0ed-21"" target=""_blank""><img src=""https://m.media-amazon.com/images/I/81MW4FCNggL._SY522_.jpg"" ""></a> </center></p><p><br></p> <p>Preis: €12.99</p> Wer bist du ohne die Erwartungen anderer?  Immer wieder versuchen wir, es allen recht zu machen, und legen viel zu viel Wert auf die Erwartung anderer, die sehr viel mehr Meinung als Ahnung davon haben, wer wir wirklich sind. Aber wissen wir das überhaupt selbst noch so genau?  Als sich neun Menschen für ein Wochenende auf den Weg in die geheimnisvollen Tiefen des Waldes machen, wollen sie Antworten finden auf die Fragen: Wer bist du? Wer möchtest du sein? Und was würdest du tun, wenn alles möglich wäre? Schon bald zeigt sich ihnen, wie die Kraft des Fuck it ihr Leben verändert und plötzlich alles möglich wird.  Ein Buch über die Magie der Möglichkeiten, die sich beim Lesen zwischen den Zeilen entblättern, sobald wir beginnen, ganz wir selbst zu sein.  Von der Autorin der SPIEGEL-Bestseller Der geile Scheiß vom Glücklichsein und Wie du Menschen loswirst, die dir nicht guttun, ohne sie umzubringen <p><strong>   Print length      288 pages   <br>   Language      German   <br>   Publisher      mvg Verlag   <br>   Publication date      11 Oct. 2022   <br>   Dimensions      13.5 x 2.2 x 20.5 cm   <br>   ISBN-10      3747404901   <br>   ISBN-13      978-3747404904   </strong></p><p> <center><a href=""https://www.amazon.de/dp/3747404901?&tag=buch0ed-21"" target=""_blank"">Wo ein Fuck it, da ein Weg: Wie plötzlich alles möglich wird, wenn du aufhörst, es allen recht zu machen (SPIEGEL-BESTSELLER)</a></center> </p>","Wo ein Fuck it, da ein Weg: Wie plötzlich alles möglich wird, wenn du aufhörst, es allen recht zu machen (SPIEGEL-BESTSELLER)",29,wo-ein-fuck-it-da-ein-weg-wie-pltzlich-alles-mglich-wird-wenn-du-aufhrst-es-allen-recht-zu-machen-spiegelbestselle
2023-07-04 15:23:53.521316,"<p> <center><a href=""https://www.amazon.de/dp/394994608X?&tag=buch0ed-21"" target=""_blank""><img src=""https://m.media-amazon.com/images/I/51xXTf2H1wL._SX342_SY445_.jpg"" ""></a> </center></p><p><br></p> <p>Preis: €13.95</p> Kinder können sich selber schützen.Das ist die gute Nachricht. Aber: Sie müssen es erst lernen.Dieses Buch hilft, dass sie es lernen. 90% der Missbrauchsvorfälle ereignen sich im näheren Umfeld von Ki...","<p> <center><a href=""https://www.amazon.de/dp/394994608X?&tag=buch0ed-21"" target=""_blank""><img src=""https://m.media-amazon.com/images/I/51xXTf2H1wL._SX342_SY445_.jpg"" ""></a> </center></p><p><br></p> <p>Preis: €13.95</p> Kinder können sich selber schützen.Das ist die gute Nachricht. Aber: Sie müssen es erst lernen.Dieses Buch hilft, dass sie es lernen. 90% der Missbrauchsvorfälle ereignen sich im näheren Umfeld von Kindern. Aber es gibt verschiedene Möglichkeiten der Prävention.Dieses Buch behandelt verschiedene Arten, NEIN zu sagen:1.  Mein Körper gehört mir2.  Gehe nie mit Fremden mit! 3.  Wenn Spiele gefährlich werden (Schutz vor Missbrauch!) Aber auch das Lernen von Selbstfürsorge und Sozialkompetenz: 4.  Ich kommuniziere meine Bedürfnisse / setze Grenzen5.  Die Neins von anderen zu erkennen und zu akzeptieren.In handgemalten Aquarellen illustriert dieses Buch liebevoll und kindgerecht alle diese Themen. Zentrale Figur ist dabei das NEIN-Wesen, das den Kindern das „Nein sagen“ leichter macht. Je nach Situation kann das Nein seine Farbe ändern. Dadurch kann dieses Buch Ihrem Sohn oder Ihrer Tochter auf leicht verständliche und kindgerechte Weise das Thema Selbstschutz und „nein sagen“ bildlich darstellen. Die verschiedenen Situationen werden Schritt für Schritt behutsam beleuchtet und gemeinsam durchgegangen.So hilft es Ihnen, dieses sensible Thema Ihrem Kind näherzubringen. Schützen Sie Ihr Kind – dieses Buch ist der Weg dorthin. <p><strong>   Reading age       3 - 6 years, from customers     <br>   Print length      40 pages   <br>   Language      German   <br>   Dimensions      21.01 x 0.25 x 27 cm   <br>   Publication date      26 Sept. 2022   <br>   ISBN-10      394994608X   <br>   ISBN-13      978-3949946080   </strong></p><p> <center><a href=""https://www.amazon.de/dp/394994608X?&tag=buch0ed-21"" target=""_blank"">NEIN Sagen: Schützen Sie Ihre Kinder frühzeitig! Kinderbuch zur Prävention von Missbrauch – ein wichtiges Buch für alle Jungen und Mädchen ab 3 Jahren</a></center> </p>",NEIN Sagen: Schützen Sie Ihre Kinder frühzeitig! Kinderbuch zur Prävention von Missbrauch – ein wichtiges Buch für alle Jungen und Mädchen ab 3 Jahren,29,nein-sagen-schtzen-sie-ihre-kinder-frhzeitig-kinderbuch-zur-prvention-von-missbrauch--ein-wichtiges-buch-fr-alle-jungen-und-mdchen-ab-3-jahre
2023-07-04 15:24:05.914841,"<p> <center><a href=""https://www.amazon.de/dp/3442315530?&tag=buch0ed-21"" target=""_blank""><img src=""https://m.media-amazon.com/images/I/71XVE4-iEgL._SY522_.jpg"" ""></a> </center></p><p><br></p> <p>Preis: €15.99</p> Aktualisierte NeuausgabeWie können wir in der modernen Welt überleben? Bestsellerautor Jordan B. Peterson beantwortet diese Frage humorvoll, überraschend und informativ. Er erklärt, warum wir Kinder b...","<p> <center><a href=""https://www.amazon.de/dp/3442315530?&tag=buch0ed-21"" target=""_blank""><img src=""https://m.media-amazon.com/images/I/71XVE4-iEgL._SY522_.jpg"" ""></a> </center></p><p><br></p> <p>Preis: €15.99</p> Aktualisierte NeuausgabeWie können wir in der modernen Welt überleben? Bestsellerautor Jordan B. Peterson beantwortet diese Frage humorvoll, überraschend und informativ. Er erklärt, warum wir Kinder beim Skateboarden alleine lassen sollten, welches grausame Schicksal diejenigen ereilt, die alles allzu schnell kritisieren und warum wir Katzen, die wir auf der Straße antreffen, immer streicheln sollten. Doch was bitte erklärt uns das Nervensystem eines Hummers über unsere Erfolgschancen im Leben? Dr. Peterson diskutiert Begriffe wie Disziplin, Freiheit, Abenteuer und Verantwortung und kondensiert Wahrheit und Weisheit der Welt in 12 praktischen Lebensregeln. Der SPIEGEL-Bestseller jetzt in überarbeiteter Neuausgabe. <p><strong>   Print length      576 pages   <br>   Language      German   <br>   Publisher      Goldmann Verlag   <br>   Publication date      19 Aug. 2019   <br>   Dimensions      13.5 x 4.4 x 20.7 cm   <br>   ISBN-10      3442315530   <br>   ISBN-13      978-3442315536   </strong></p><p> <center><a href=""https://www.amazon.de/dp/3442315530?&tag=buch0ed-21"" target=""_blank"">12 Rules For Life: Ordnung und Struktur in einer chaotischen Welt - Aktualisierte Neuausgabe</a></center> </p>",12 Rules For Life: Ordnung und Struktur in einer chaotischen Welt - Aktualisierte Neuausgabe,29,12-rules-for-life-ordnung-und-struktur-in-einer-chaotischen-welt--aktualisierte-neuausgab
2023-07-04 15:24:13.460025,"<p> <center><a href=""https://www.amazon.de/dp/3961770719?&tag=buch0ed-21"" target=""_blank""><img src=""https://m.media-amazon.com/images/I/91nmcCwXxpL._SY522_.jpg"" ""></a> </center></p><p><br></p> <p>Preis: €26.00</p> Niemand illustriert die Hoffnungen, Ängste und Träume der Menschen so berührend wie Lisa Aisato. Für ›Alle Farben des Lebens‹ hat sie ihre besten Bilder ausgewählt – sowohl Klassiker als auch bisher u...","<p> <center><a href=""https://www.amazon.de/dp/3961770719?&tag=buch0ed-21"" target=""_blank""><img src=""https://m.media-amazon.com/images/I/91nmcCwXxpL._SY522_.jpg"" ""></a> </center></p><p><br></p> <p>Preis: €26.00</p> Niemand illustriert die Hoffnungen, Ängste und Träume der Menschen so berührend wie Lisa Aisato. Für ›Alle Farben des Lebens‹ hat sie ihre besten Bilder ausgewählt – sowohl Klassiker als auch bisher unveröffentlichte Illustrationen. Zusammen mit poetischen Sätzen begleiten sie uns durch das Leben. Sie erzählen von Liebe, Sorge und großer Freude. Von der Kindheit, in der die Sommer besonders grün und die Winter besonders weiß sind. Von der Jugendzeit mit den großen Gefühlsstürmen. Und vom Erwachsensein, das auch so manches Abenteuer bereithält. <p><strong>   Reading age       13+ years, from customers     <br>   Print length      192 pages   <br>   Language      German   <br>   Dimensions      24.7 x 2.4 x 27.8 cm   <br>   Publisher      Woow Books   <br>   Publication date      18 Sept. 2020   <br>   ISBN-10      3961770719   <br>   ISBN-13      978-3961770717   </strong></p><p> <center><a href=""https://www.amazon.de/dp/3961770719?&tag=buch0ed-21"" target=""_blank"">Alle Farben des Lebens</a></center> </p>",Alle Farben des Lebens,29,alle-farben-des-leben
2023-07-04 15:24:21.185822,"<p> <center><a href=""https://www.amazon.de/dp/3747400868?&tag=buch0ed-21"" target=""_blank""><img src=""https://m.media-amazon.com/images/I/81cW++GNLXL._SY522_.jpg"" ""></a> </center></p><p><br></p> <p>Preis: €6.99</p> Familie, Job, Partnerschaft – alle möglichen Lebensbereiche halten gleichzeitig eine Unmenge an Pflichten und Druck für dich bereit. Um alles unter einen Hut zu kriegen, hetzt man oft durch den Tag un...","<p> <center><a href=""https://www.amazon.de/dp/3747400868?&tag=buch0ed-21"" target=""_blank""><img src=""https://m.media-amazon.com/images/I/81cW++GNLXL._SY522_.jpg"" ""></a> </center></p><p><br></p> <p>Preis: €6.99</p> Familie, Job, Partnerschaft – alle möglichen Lebensbereiche halten gleichzeitig eine Unmenge an Pflichten und Druck für dich bereit. Um alles unter einen Hut zu kriegen, hetzt man oft durch den Tag und ist am Ende einfach nur gestresst. Dieses Kartenspiel gibt dir Gelegenheiten, um einen Moment innezuhalten und mehr auf deine innere Stimme zu hören. Die Karten bieten inspirierende Sprüche und anregende Tagesaufgaben, die nachdenklich machen und dir den Weg zeigen, bewusster und achtsamer zu leben. Egal ob als tägliches Ritual oder spontane Gedankenübung – durch das handliche Format hast du die ästhetischen Karten immer dabei, und du kannst auch unterwegs zu Gelassenheit und innerer Ruhe finden.  +++ Mehr Informationen und weitere tolle Produkte gibt es unter www.am-arsch-vorbei.de +++ <p><strong>   Print length      55 pages   <br>   Language      German   <br>   Publisher      mvg Verlag   <br>   Publication date      16 Oct. 2019   <br>   Dimensions      7.8 x 2.5 x 10.4 cm   <br>   ISBN-10      3747400868   <br>   ISBN-13      978-3747400869   </strong></p><p> <center><a href=""https://www.amazon.de/dp/3747400868?&tag=buch0ed-21"" target=""_blank"">mvg Verlag Am Arsch vorbei geht auch ein Weg– 55 Karma-Kärtchen zum Lockermachen</a></center> </p>",mvg Verlag Am Arsch vorbei geht auch ein Weg– 55 Karma-Kärtchen zum Lockermachen,29,mvg-verlag-am-arsch-vorbei-geht-auch-ein-weg-55-karmakrtchen-zum-lockermache
2023-07-04 15:24:34.050184,"<p> <center><a href=""https://www.amazon.de/dp/3426308258?&tag=buch0ed-21"" target=""_blank""><img src=""https://m.media-amazon.com/images/I/71Ezvjb4yLL._SY522_.jpg"" ""></a> </center></p><p><br></p> <p>Preis: €9.99</p> Der große Bestseller endlich als Taschenbuch! »Ein kluges Buch, das die Sicht auf die eigenen Grenzen verändern kann.« FreundinKlug, emotional und bittersüß: Die Mitternachtsbibliothek ist eine wunder...","<p> <center><a href=""https://www.amazon.de/dp/3426308258?&tag=buch0ed-21"" target=""_blank""><img src=""https://m.media-amazon.com/images/I/71Ezvjb4yLL._SY522_.jpg"" ""></a> </center></p><p><br></p> <p>Preis: €9.99</p> Der große Bestseller endlich als Taschenbuch! »Ein kluges Buch, das die Sicht auf die eigenen Grenzen verändern kann.« FreundinKlug, emotional und bittersüß: Die Mitternachtsbibliothek ist eine wunderbare Hymne auf das LebenStell dir vor, auf dem Weg ins Jenseits gäbe es eine riesige Bibliothek, gefüllt mit all den Leben, die du hättest führen können. Alles, was du jemals bereut hast, könntest du ungeschehen machen. Genau dort findet sich Nora Seed wieder, nachdem sie aus lauter Verzweiflung beschlossen hat, sich das Leben zu nehmen. An diesem Ort zwischen Raum und Zeit, an dem die Uhrzeiger immer auf Mitternacht stehen, hat sie plötzlich die Möglichkeit, all das zu ändern, was sie aus der Bahn geworfen hat. Aber kann man in einem anderen Leben glücklich werden, wenn man weiß, dass es nicht das eigene ist?Matt Haigs zauberhafter Roman erzählt davon, dass uns selbst Entscheidungen, die wir später bereuen, zu den Menschen machen, die wir sind. »Die Mitternachtsbibliothek« ist eine Liebeserklärung an all unsere Eigenheiten und Besonderheiten, an das einzige Leben, das wir haben. Entdecken Sie auch die anderen Romane von Matt Haig bei Droemer:Der fürsorgliche Mr. Cave, Die Familie Radley, Für immer, euer Prince, Nachricht von Dad <p><strong>   Print length      320 pages   <br>   Language      German   <br>   Publisher      Droemer TB   <br>   Publication date      3 April 2023   <br>   Dimensions      12.5 x 2.72 x 19 cm   <br>   ISBN-10      3426308258   <br>   ISBN-13      978-3426308257   </strong></p><p> <center><a href=""https://www.amazon.de/dp/3426308258?&tag=buch0ed-21"" target=""_blank"">Die Mitternachtsbibliothek: Roman | Der Nr.1 BookTok-Bestseller | Der SPIEGEL Bestseller jetzt als Taschenbuch</a></center> </p>",Die Mitternachtsbibliothek: Roman | Der Nr.1 BookTok-Bestseller | Der SPIEGEL Bestseller jetzt als Taschenbuch,29,die-mitternachtsbibliothek-roman--der-nr1-booktokbestseller--der-spiegel-bestseller-jetzt-als-taschenbuc
2023-07-04 15:24:52.114314,"<p> <center><a href=""https://www.amazon.de/dp/3423718455?&tag=buch0ed-21"" target=""_blank""><img src=""https://m.media-amazon.com/images/I/81rMRJP8KQL._SY522_.jpg"" ""></a> </center></p><p><br></p> <p>Preis: €9.99</p> New York – Los Angeles, und dazwischen die große LiebeAusgerechnet am Abend, bevor sie von Los Angeles nach New York zieht, lernen sie sich kennen: Fallon, Tochter eines bekannten Filmschauspielers, u...","<p> <center><a href=""https://www.amazon.de/dp/3423718455?&tag=buch0ed-21"" target=""_blank""><img src=""https://m.media-amazon.com/images/I/81rMRJP8KQL._SY522_.jpg"" ""></a> </center></p><p><br></p> <p>Preis: €9.99</p> New York – Los Angeles, und dazwischen die große LiebeAusgerechnet am Abend, bevor sie von Los Angeles nach New York zieht, lernen sie sich kennen: Fallon, Tochter eines bekannten Filmschauspielers, und Ben, der davon träumt, Schriftsteller zu werden. Für beide ist klar: Ihnen ist gerade die große Liebe begegnet – und so kosten sie jede Minute bis zum Abflug aus. Doch wie soll es weitergehen? Wollen sie sich wirklich auf eine Fernbeziehung einlassen und ihren Alltag nur halbherzig leben? Um das zu verhindern, beschließen sie, sich die nächsten fünf Jahre immer am selben Novembertag zu treffen, dazwischen jedoch auf jeglichen Kontakt zu verzichten. Und wer weiß, vielleicht klappt es ja doch mit einem Happy End. Aber fünf Jahre sind eine lange Zeit – und so kommt ihnen trotz aller intensiver Gefühle, die bei jedem ihrer Treffen hochkochen, das Leben dazwischen … <p><strong>   Reading age       13+ years, from customers     <br>   Print length      384 pages   <br>   Language      German   <br>   Dimensions      13.6 x 2.85 x 19.1 cm   <br>   Publisher      dtv Verlagsgesellschaft mbH & Co. KG   <br>   Publication date      25 Oct. 2019   <br>   ISBN-10      3423718455   <br>   ISBN-13      978-3423718455   </strong></p><p> <center><a href=""https://www.amazon.de/dp/3423718455?&tag=buch0ed-21"" target=""_blank"">Nächstes Jahr am selben Tag: Roman | Die deutsche Ausgabe des Bestsellers ›November 9‹</a></center> </p>",Nächstes Jahr am selben Tag: Roman | Die deutsche Ausgabe des Bestsellers ›November 9‹,29,nchstes-jahr-am-selben-tag-roman--die-deutsche-ausgabe-des-bestsellers-november-
2023-07-04 15:25:04.282082,"<p> <center><a href=""https://www.amazon.de/dp/B07CCFSCL7?&tag=buch0ed-21"" target=""_blank""><img src=""https://m.media-amazon.com/images/I/91TkVAglcpS._SY522_.jpg"" ""></a> </center></p><p><br></p> <p>Preis: €16.69</p> Dieses außergewöhnliche Orakel-Set bringt die Weisheit dreier großer spiritueller Lehrer und Heiler zusammen: 64 machtvolle Symbole aus den unterschiedlichsten schamanischen Traditionen dieser Welt er...","<p> <center><a href=""https://www.amazon.de/dp/B07CCFSCL7?&tag=buch0ed-21"" target=""_blank""><img src=""https://m.media-amazon.com/images/I/91TkVAglcpS._SY522_.jpg"" ""></a> </center></p><p><br></p> <p>Preis: €16.69</p> Dieses außergewöhnliche Orakel-Set bringt die Weisheit dreier großer spiritueller Lehrer und Heiler zusammen: 64 machtvolle Symbole aus den unterschiedlichsten schamanischen Traditionen dieser Welt eröffnen einen intuitiven Zugang zu verborgenen Lebensthemen. Indem wir uns mit der Energie der Karten verbinden, erhalten wir wertvolle Entscheidungshilfen und Impulse, um unser volles inneres Potenzial auszuschöpfen. Mit verblüffenden Resultaten: So können wir die Vergangenheit heilen, die Gegenwart verstehen und und zum bewussten Schöpfer unseres Lebens werden.Ein wunderschön gestaltetes Set mit 64 Karten und ausführlichem, großformatigem Begleitbuch. <p><strong>   Print length      160 pages   <br>   Language      German   <br>   Publisher      Ansata   <br>   Publication date      26 Nov. 2018   <br>   Dimensions      14.5 x 5.5 x 19.6 cm   </strong></p><p> <center><a href=""https://www.amazon.de/dp/B07CCFSCL7?&tag=buch0ed-21"" target=""_blank"">Das schamanische Seelen-Orakel: 64 Energiekarten & Begleitbuch</a></center> </p>",Das schamanische Seelen-Orakel: 64 Energiekarten & Begleitbuch,29,das-schamanische-seelenorakel-64-energiekarten--begleitbuc
2023-07-04 15:25:15.207832,"<p> <center><a href=""https://www.amazon.de/dp/3899013018?&tag=buch0ed-21"" target=""_blank""><img src=""https://m.media-amazon.com/images/I/51iQy2gPJCL._SY522_.jpg"" ""></a> </center></p><p><br></p> <p>Preis: €12.99</p> Der Leitfaden zum spirituellen Erwachen! Jetzt...Es gibt nur diesen Moment. Und darin liegt unsere Kraft. Denn das Jetzt ist der Eingang zu unserer tiefsten inneren Glückseligkeit, zu ewigem Sein, zu ...","<p> <center><a href=""https://www.amazon.de/dp/3899013018?&tag=buch0ed-21"" target=""_blank""><img src=""https://m.media-amazon.com/images/I/51iQy2gPJCL._SY522_.jpg"" ""></a> </center></p><p><br></p> <p>Preis: €12.99</p> Der Leitfaden zum spirituellen Erwachen! Jetzt...Es gibt nur diesen Moment. Und darin liegt unsere Kraft. Denn das Jetzt ist der Eingang zu unserer tiefsten inneren Glückseligkeit, zu ewigem Sein, zu dem Frieden, den wir unser Leben lang ersehnen, verfolgen, jagen, verpassen. Hier ist er. Dieses Buch, bestechend in seiner Einfachheit und Poesie, ist ein Augen- und Herzöffner für jeden, vom Anfänger in spirituellen Dingen bis zum ´alten Hasen´. Alle Hintertürchen werden sanft geschlossen, bis wir vor dem Jetzt stehen. Hier ist ein Tor, sagt der Autor, nutze es! Kein Wunder, dass Eckhart Tolle so begehrt ist ― die größten, tiefsten Wahrheiten klingen bei ihm so einleuchtend, schlicht und klar, dass man plötzlich alles versteht, ja, nicht nur versteht, sondern erlebt. <p><strong>   Print length      272 pages   <br>   Language      German   <br>   Publisher      Kamphausen Media GmbH   <br>   Publication date      15 Mar. 2010   <br>   Dimensions      12.5 x 1.8 x 17.5 cm   <br>   ISBN-10      3899013018   <br>   ISBN-13      978-3899013016   </strong></p><p> <center><a href=""https://www.amazon.de/dp/3899013018?&tag=buch0ed-21"" target=""_blank"">Jetzt! Die Kraft der Gegenwart</a></center> </p>",Jetzt! Die Kraft der Gegenwart,29,jetzt-die-kraft-der-gegenwar
2023-07-04 15:25:26.995339,"<p> <center><a href=""https://www.amazon.de/dp/3951971800?&tag=buch0ed-21"" target=""_blank""><img src=""https://m.media-amazon.com/images/I/61ibu-FsE2L._SY522_.jpg"" ""></a> </center></p><p><br></p> <p>Preis: €9.99</p> Das Wohlfühlbuch zum GlücklichseinPia hält nicht viel von sich und ihrem Leben und ist eigentlich nie so richtig glücklich. Bis sie Petunia trifft, eine wundersame alte Dame auf einer himmelblauen Ban...","<p> <center><a href=""https://www.amazon.de/dp/3951971800?&tag=buch0ed-21"" target=""_blank""><img src=""https://m.media-amazon.com/images/I/61ibu-FsE2L._SY522_.jpg"" ""></a> </center></p><p><br></p> <p>Preis: €9.99</p> Das Wohlfühlbuch zum GlücklichseinPia hält nicht viel von sich und ihrem Leben und ist eigentlich nie so richtig glücklich. Bis sie Petunia trifft, eine wundersame alte Dame auf einer himmelblauen Bank. Diese Begegnung verändert Pias Leben. Humorvoll und anrührend geht Pia ihren neuen Weg, begleitet von der geheimnisvollen Petunia, die weiß, wie Glücklichsein geht.Dieses liebevolle Buch über den wahren Sinn des Lebens ist für all die, die nur ein bisschen glücklich sind. Oder die nicht besonders oft glücklich sind. Oder die sich nicht mehr so recht erinnern können, wie sich Glück anfühlt. Eigentlich ist es für uns alle. Denn wir alle glauben manchmal, dass das Glück nicht auf unserer Seite ist - und dann kann es sein, dass wir keinen Sinn mehr im Leben sehen.„Pia und das Glück“ ist ein Wohlfühlbuch, das uns daran erinnert, dass wir glücklich sein können, dürfen und sogar müssen. Es erinnert uns daran, wie das funktioniert und das unser Glück in unseren Händen liegt. Pia lernt, glücklich zu sein, koste es, was es wolle. Und das können wir alle! <p><strong>   Print length      171 pages   <br>   Language      German   <br>   Publication date      6 Mar. 2023   <br>   Dimensions      13.97 x 1.09 x 21.59 cm   <br>   ISBN-10      3951971800   <br>   ISBN-13      978-3951971803   </strong></p><p> <center><a href=""https://www.amazon.de/dp/3951971800?&tag=buch0ed-21"" target=""_blank"">Pia und das Glück: Eine wundersame Begegnung mit dem Sinn des Lebens</a></center> </p>",Pia und das Glück: Eine wundersame Begegnung mit dem Sinn des Lebens,29,pia-und-das-glck-eine-wundersame-begegnung-mit-dem-sinn-des-leben
2023-07-04 15:25:34.786022,"<p> <center><a href=""https://www.amazon.de/dp/3846601594?&tag=buch0ed-21"" target=""_blank""><img src=""https://m.media-amazon.com/images/I/81qnoBa6XBL._SY522_.jpg"" ""></a> </center></p><p><br></p> <p>Preis: €6.99</p> TikTok made me buy it! Der erste Band der preisgekrönten Krimireihe rund um Pip Fitz-AmobiDer New-York-Times-Bestseller, bekannt aus der Netflix-Serie Heartstopper»Es geht um das, was vor fünf Jahren ...","<p> <center><a href=""https://www.amazon.de/dp/3846601594?&tag=buch0ed-21"" target=""_blank""><img src=""https://m.media-amazon.com/images/I/81qnoBa6XBL._SY522_.jpg"" ""></a> </center></p><p><br></p> <p>Preis: €6.99</p> TikTok made me buy it! Der erste Band der preisgekrönten Krimireihe rund um Pip Fitz-AmobiDer New-York-Times-Bestseller, bekannt aus der Netflix-Serie Heartstopper»Es geht um das, was vor fünf Jahren passiert ist.«»Warum?«, fragte er.»Weil ich nicht glaube, dass es dein Bruder war - und ich will versuchen, es zu beweisen.«Vor fünf Jahren wurde die siebzehnjährige Andie Bell ermordet. Der Fall ist längst abgeschlossen, denn alle sind sich sicher, dass ihr Freund Sal Singh die Tat begangen hat. Nur Pippa glaubt nicht daran und will den Fall für ein Schulprojekt noch einmal aufrollen. Sie beginnt nachzuforschen und Fragen zu stellen. Aber was ist, wenn der Mörder noch frei herumläuft? Wie weit wird er gehen, um Pippa davon abzuhalten, die Wahrheit ans Licht zu bringen?Packend und nervenaufreibend bis zur letzten SeiteFür alle Fans von One of Us Is Lying, We Were Liars und Riverdale <p><strong>   Book 1 of 3      A Good Girl's Guide to Murder   <br>   Print length      480 pages   <br>   Language      German   <br>   Publisher      ONE   <br>   Publication date      28 Oct. 2022   <br>   Reading age      14 years and up   <br>   Dimensions      21.4 x 3.6 x 13.6 cm   <br>   ISBN-10      3846601594   <br>   ISBN-13      978-3846601594   </strong></p><p> <center><a href=""https://www.amazon.de/dp/3846601594?&tag=buch0ed-21"" target=""_blank"">A Good Girl’s Guide to Murder: Spannungsstoff mit Gänsehaut-Garantie / Bekannt aus der Netflix-Serie Heartstopper</a></center> </p>",A Good Girl’s Guide to Murder: Spannungsstoff mit Gänsehaut-Garantie / Bekannt aus der Netflix-Serie Heartstopper,29,a-good-girls-guide-to-murder-spannungsstoff-mit-gnsehautgarantie--bekannt-aus-der-netflixserie-heartstoppe
2023-07-04 15:25:49.022480,"<p> <center><a href=""https://www.amazon.de/dp/3499217953?&tag=buch0ed-21"" target=""_blank""><img src=""https://m.media-amazon.com/images/I/81cGTPWRPKL._SY522_.jpg"" ""></a> </center></p><p><br></p> <p>Preis: €9.99</p> Ben muss jeden Freitag bei seiner Oma verbringen, wenn seine tanzverrückten Eltern das Tanzbein schwingen. Bens Oma ist zwar nett, aber sooooooo langweilig! Immer will sie bloß Scrabble spielen und is...","<p> <center><a href=""https://www.amazon.de/dp/3499217953?&tag=buch0ed-21"" target=""_blank""><img src=""https://m.media-amazon.com/images/I/81cGTPWRPKL._SY522_.jpg"" ""></a> </center></p><p><br></p> <p>Preis: €9.99</p> Ben muss jeden Freitag bei seiner Oma verbringen, wenn seine tanzverrückten Eltern das Tanzbein schwingen. Bens Oma ist zwar nett, aber sooooooo langweilig! Immer will sie bloß Scrabble spielen und isst den ganzen Tag nichts anderes als Kohlsuppe – igitt! Doch eines Tages findet Ben heraus, dass seine Oma ein Geheimnis hat: Sie war früher eine berühmte Juwelendiebin! Und jetzt plant sie ihr größtes Ding: Sie will die Kronjuwelen der englischen Königin stehlen! Ben ist Feuer und Flamme. Was für ein Abenteuer! Von nun an können die Freitage gar nicht schnell genug kommen. <p><strong>   Reading age       8 - 11 years, from customers     <br>   Book 1 of 2      Bens Abenteuer   <br>   Print length      272 pages   <br>   Language      German   <br>   Dimensions      12.5 x 2.25 x 19 cm   <br>   Publisher      Rowohlt Taschenbuch   <br>   Publication date      18 Jun. 2019   <br>   ISBN-10      3499217953   <br>   ISBN-13      978-3499217951   </strong></p><p> <center><a href=""https://www.amazon.de/dp/3499217953?&tag=buch0ed-21"" target=""_blank"">Gangsta-Oma: für Mädchen und Jungen ab 10 (Bens Abenteuer, Band 1)</a></center> </p>","Gangsta-Oma: für Mädchen und Jungen ab 10 (Bens Abenteuer, Band 1)",29,gangstaoma-fr-mdchen-und-jungen-ab-10-bens-abenteuer-band-
2023-07-04 15:26:00.924828,"<p> <center><a href=""https://www.amazon.de/dp/342328319X?&tag=buch0ed-21"" target=""_blank""><img src=""https://m.media-amazon.com/images/I/81pS3yZ1q-L._SY522_.jpg"" ""></a> </center></p><p><br></p> <p>Preis: €19.99</p> »Vielleicht ist einer von uns morgen schon nicht mehr da.«Über fünfzig Jahre lang teilen sie ihr Leben. Doch nun ist der Mann schwer krank. Lange schon wird er palliativ umsorgt; und so wird der Radiu...","<p> <center><a href=""https://www.amazon.de/dp/342328319X?&tag=buch0ed-21"" target=""_blank""><img src=""https://m.media-amazon.com/images/I/81pS3yZ1q-L._SY522_.jpg"" ""></a> </center></p><p><br></p> <p>Preis: €19.99</p> »Vielleicht ist einer von uns morgen schon nicht mehr da.«Über fünfzig Jahre lang teilen sie ihr Leben. Doch nun ist der Mann schwer krank. Lange schon wird er palliativ umsorgt; und so wird der Radius des Paares immer eingeschränkter, der Besuch seltener, die Abhängigkeit voneinander größer.Kraftvoll und poetisch erzählt Helga Schubert davon, wie man in solchen Umständen selbst den Verstand und der andere die Würde behält.»Helga Schubert erzählt davon, wie man Frieden machen kann mit diesem Leben. Sie zeigt, wie man Lebensgeschichte in Literatur verwandeln kann.«Insa Wilke»Ich war so berührt, dass ich dachte, man müsste eine neue literarische Skala eröffnen: den Schubert-Moment.«Katrin Schumacher <p><strong>   Print length      272 pages   <br>   Language      German   <br>   Publisher      dtv Verlagsgesellschaft mbH & Co. KG   <br>   Publication date      16 Mar. 2023   <br>   Dimensions      11.8 x 2.95 x 19.5 cm   <br>   ISBN-10      342328319X   <br>   ISBN-13      978-3423283199   </strong></p><p> <center><a href=""https://www.amazon.de/dp/342328319X?&tag=buch0ed-21"" target=""_blank"">Der heutige Tag: Ein Stundenbuch der Liebe | »Ein Buch, in das man sich verlieben kann.« Denis Scheck</a></center> </p>","Der heutige Tag: Ein Stundenbuch der Liebe | »Ein Buch, in das man sich verlieben kann.« Denis Scheck",29,der-heutige-tag-ein-stundenbuch-der-liebe--ein-buch-in-das-man-sich-verlieben-kann-denis-schec
2023-07-04 15:26:10.853924,"<p> <center><a href=""https://www.amazon.de/dp/B0BSJFF2TF?&tag=buch0ed-21"" target=""_blank""><img src=""https://m.media-amazon.com/images/I/71aR0SNjhcL._SY522_.jpg"" ""></a> </center></p><p><br></p> <p>Preis: €7.99</p> Authentische Hadithe, um die Liebe Allahs zu erlangen und ein glückliches Leben als Muslim*in zu führen – von Gelehrten empfohlen!Welche Sorgen Sie auch plagen mögen oder welche unerfüllten Wünsche Si...","<p> <center><a href=""https://www.amazon.de/dp/B0BSJFF2TF?&tag=buch0ed-21"" target=""_blank""><img src=""https://m.media-amazon.com/images/I/71aR0SNjhcL._SY522_.jpg"" ""></a> </center></p><p><br></p> <p>Preis: €7.99</p> Authentische Hadithe, um die Liebe Allahs zu erlangen und ein glückliches Leben als Muslim*in zu führen – von Gelehrten empfohlen!Welche Sorgen Sie auch plagen mögen oder welche unerfüllten Wünsche Sie nachts wach halten, durch die Weisheiten unseres geliebten Propheten Muhammad ﷺ werden Sie die endlose Liebe Allahs erlangen, die Sie endgültig von Ihrer Last befreit und Ihnen unerschöpfliche Energie und Hoffnung spendet!In diesem Buch erwarten Sie sorgfältig geprüfte authentische Hadithe in ihrem arabischen Originaltext inklusive exakter Quellenangabe und deutscher Übersetzung, vor allem aus Saḥīḥ al-Buḫārī und Saḥīḥ Muslim, aber auch aus den anderen vier sunnitischen kanonischen Hadith-Sammlungen.Alle Hadithe sind den Authentizitätsgraden ṣaḥīḥ und ḥasan zuzuordnen!Finden Sie passende Hadithe von höchster Qualität zu all Ihren Problemen oder Wünschen, und Sie bekommen:eine herzerwärmende Umarmung, wenn Trauer und Schmerz Sie heimsuchenein Gefühl von Glück und Freude, wenn alles um Sie herum dunkel wirdeinen starken Rückhalt, wenn Sie diesen am dringendsten braucheneine führende Hand, wenn Sie das Licht am Ende des Tunnels nicht mehr sehenEnergie und Motivation, wenn Sie sich schwach fühleneiserne Disziplin, wenn die Versuchung der Sünde groß wirdHilfe und Gesundheitstipps bei KrankheitenDie Hadithe bilden Sie in folgenden Bereichen weiter:✅ Wie Sie zu einem Menschen werden, der von Allah geliebt wird✅ Die Gesundheit, der Schutz und das Wohlergehen Ihrer Kinder, Familie und Freunde✅ Schutz vor Sünden aller Art/Gefahren des Lebens/Ängste/Wut/Schmerz/Leid/Krankheit✅ Der Weg ins Paradies✅ Erlangung von Glück, Zufriedenheit, Geborgenheit, Sicherheit und Erfolg im Alltag✅ Erleichterung und Unterstützung bei Problemen, Sorgen, Zielen und Wünschen✅ Dass man sich bei Schmerzen, Leid und Krankheit einfach und schnell zu helfen weiß✅ Wie Sie geduldiger werden✅ Was einen guten Charakter ausmacht✅ Vergebung von Sünden✅ Der richtige Umgang mit den Mitmenschen✅ Schutz vor der Hölle… und vieles mehrBesonders gut geeignet als Geschenk für Ihre Familie und Freunde, nicht zuletzt aufgrund der ansprechend gestalteten Widmungsseite im Buch.„Sollen die Herausforderungen des Alltags ruhig auf Sie zukommen – mit den wertvollen Hadithen unseres geliebten Propheten Mohammed ﷺ werden Sie Ihre Beziehung zu Allah stark vertiefen und so jegliches Problem meistern!“ Husain AbbasVerdienen Sie sich und Ihrer Familie durch die unschätzbaren Weisheiten unseres Propheten Muhammad ﷺ die endlose Liebe Allahs, für ein glückliches, gesundes und vorbildliches Leben als Muslim*in! <p><strong>   Part of series      für Muslime   <br>   Print length      140 pages   <br>   Language      German   <br>   Publication date      18 Jan. 2023   <br>   Dimensions      15.24 x 0.81 x 22.86 cm   <br>   ISBN-13      979-8374179927   </strong></p><p> <center><a href=""https://www.amazon.de/dp/B0BSJFF2TF?&tag=buch0ed-21"" target=""_blank"">300 Weisheiten des Propheten Muhammad ﷺ: Authentische Hadithe für ein glückliches, gesundes und vorbildliches Leben als Muslim (für Muslime)</a></center> </p>","300 Weisheiten des Propheten Muhammad ﷺ: Authentische Hadithe für ein glückliches, gesundes und vorbildliches Leben als Muslim (für Muslime)",29,300-weisheiten-des-propheten-muhammad--authentische-hadithe-fr-ein-glckliches-gesundes-und-vorbildliches-leben-als-muslim-fr-muslim
2023-07-04 15:26:26.538027,"<p> <center><a href=""https://www.amazon.de/dp/3473329568?&tag=buch0ed-21"" target=""_blank""><img src=""https://m.media-amazon.com/images/I/719lvvClfkL._SY522_.jpg"" ""></a> </center></p><p><br></p> <p>Preis: €14.99</p> Für Kinder ab 4 Jahren und alle, die das Thema Tod beschäftigtFachlich geprüft von Hospizmitarbeiterinnen und einer BestatterinBeantwortet kindgerecht und sachlich Fragen über Tod und TrauerKlappen ve...","<p> <center><a href=""https://www.amazon.de/dp/3473329568?&tag=buch0ed-21"" target=""_blank""><img src=""https://m.media-amazon.com/images/I/719lvvClfkL._SY522_.jpg"" ""></a> </center></p><p><br></p> <p>Preis: €14.99</p> Für Kinder ab 4 Jahren und alle, die das Thema Tod beschäftigtFachlich geprüft von Hospizmitarbeiterinnen und einer BestatterinBeantwortet kindgerecht und sachlich Fragen über Tod und TrauerKlappen veranschaulichen verschiedene Formen der Trauer- und BegräbniskulturLädt Kinder zum Philosophieren ein und gibt Anregungen zum Trösten und ErinnernDer Tod macht uns sprachlos, doch Kinder fragen trotzdem: Was passiert, wenn man stirbt? Wie trauern wir? Darf ich lachen, wenn ihr traurig seid? Was ist eine Beerdigung? Dieses Buch bietet Antworten und hilft dabei, mit Kindern offen und ehrlich über den Tod zu sprechen. Mit einfühlsamen Bildern und Sachtexten.     <p><strong>   Reading age       4 - 6 years, from customers     <br>   Print length      16 pages   <br>   Language      German   <br>   Dimensions      24.5 x 1.8 x 27.9 cm   <br>   Publisher      Ravensburger Verlag GmbH   <br>   Publication date      5 July 2019   <br>   ISBN-10      3473329568   <br>   ISBN-13      978-3473329564   </strong></p><p> <center><a href=""https://www.amazon.de/dp/3473329568?&tag=buch0ed-21"" target=""_blank"">Wieso? Weshalb? Warum?, Band 42: Abschied, Tod und Trauer (Wieso? Weshalb? Warum?, 42)</a></center> </p>","Wieso? Weshalb? Warum?, Band 42: Abschied, Tod und Trauer (Wieso? Weshalb? Warum?, 42)",29,wieso-weshalb-warum-band-42-abschied-tod-und-trauer-wieso-weshalb-warum-4
2023-07-04 15:26:37.409199,"<p> <center><a href=""https://www.amazon.de/dp/B0BKPFK29J?&tag=buch0ed-21"" target=""_blank""><img src=""https://m.media-amazon.com/images/I/81GDDW-KqUL._SY522_.jpg"" ""></a> </center></p><p><br></p> <p>Preis: €0.00</p> Deutschland, 1942: Ein Nazi-Vermögen. Eine jüdische Frau mit falscher Identität. Eine unmögliche Entscheidung …Seit die Nazis alles zerstörten, was Margarete Rosenbaum lieb war, kämpft sie ums nackte ...","<p> <center><a href=""https://www.amazon.de/dp/B0BKPFK29J?&tag=buch0ed-21"" target=""_blank""><img src=""https://m.media-amazon.com/images/I/81GDDW-KqUL._SY522_.jpg"" ""></a> </center></p><p><br></p> <p>Preis: €0.00</p> Deutschland, 1942: Ein Nazi-Vermögen. Eine jüdische Frau mit falscher Identität. Eine unmögliche Entscheidung …Seit die Nazis alles zerstörten, was Margarete Rosenbaum lieb war, kämpft sie ums nackte Überleben. Doch dann ermöglichte ihr es der Zufall, sich als Annegret Huber, die Tochter eines prominenten SS-Mannes, auszugeben.Die echte Annegret und ihre Familie sind tot, also gehört das Vermögen Margarete allein. Ein Gut vor den Toren Berlins, aber auch eine Waffenfabrik mit hohen Zäunen aus Stacheldraht. Dahinter schuften die Arbeiter mit von Hunger ausgemergelten Gesichtern. Plötzlich hält Maragarete Hunderte von Leben in ihren Händen, darunter das eines geliebten Menschen, den sie fürchtete, nie wieder zu sehen. Es steht außer Frage, dass sie handeln muss. Nur wie?Während der Krieg die Welt in Dunkelheit stürzt, weiß Margarete, dass sie ihre Chance, gegen das Böse zu kämpfen, nicht ungenutzt verstreichen lassen darf. Selbst wenn das bedeutet, ihr eigenes Leben zu riskieren, um die Unschuldigen in ihrer Obhut zu retten …Eine herzzerreißende und fesselnde Geschichte über Mut und Opfer in den dunkelsten Stunden des Krieges, genau das Richtige für Fans von Der Tätowierer von Auschwitz, Die Sternenpflückerin und Die Nachtigall.Was Leser:innen über Am Ende dunkler Tage sagen:»Wow … so unglaublich fesselnd. Ich habe es geliebt … Atemberaubend und intensiv … Eine unvergessliche Lektüre. Ich wünschte, ich könnte zehn Sterne geben … Wow, einfach wow, ich bin total sprachlos … Phänomenal.« PageTurners Blog, ⭐⭐⭐⭐⭐»Absolut fesselnd und erschütternd … Das Buch fühlt sich an wie ein Wettlauf mit der Zeit. Wird Margarete entdeckt? Wird sie in der Lage sein, etwas zu bewirken? Wird sie überleben? Ein spannendes Buch über den Zweiten Weltkrieg, das ich bis zur letzten Minute geliebt habe.« Goodreads Rezensentin, ⭐⭐⭐⭐⭐»Ich habe dieses Buch innerhalb von 24 Stunden verschlungen … Herzzerreißende Szenen … Es gibt Herzschmerz und Hoffnung und manchmal hatte ich das Gefühl, dass ich kaum Luft holen konnte.« Goodreads Rezensentin, ⭐⭐⭐⭐⭐»Diese Autorin entwickelt sich schnell zu einer meiner Lieblingsautorinnen für historische Romane über den Zweiten Weltkrieg … Ich habe alle Emotionen und Ängste unserer Hauptfigur gefühlt, und die Geschichte kam einfach von der Seite und wurde lebendig.« Spooky's Maze Of Books, ⭐⭐⭐⭐⭐»Es bleibt noch lange nach der Lektüre im Gedächtnis … Ich habe geweint und geweint über die Ungerechtigkeit von all dem … Eine herzzerreißende Lektüre … gespickt mit Momenten der Güte, die mir Hoffnung für die Menschheit gaben.« Goodreads Rezensentin, ⭐⭐⭐⭐⭐»Herzzerreißend, eindringlich und erschütternd … Ein brillant geschriebener Roman über Aufopferung, Mut, Widerstandskraft und Liebe … Historische Fiktion vom Feinsten.« Bookish Jottings, ⭐⭐⭐⭐⭐ <p><strong>   Book 2 of 4      Margaretes Weg   <br>   Print length      308 pages   <br>   Language      German   <br>   Sticky notes      On Kindle Scribe   <br>   Publication date      24 Jan. 2023   <br>   File size      3675 KB   <br>   Page Flip      Enabled   <br>   Word Wise      Not Enabled   <br>   Enhanced typesetting      Enabled   </strong></p><p> <center><a href=""https://www.amazon.de/dp/B0BKPFK29J?&tag=buch0ed-21"" target=""_blank"">Am Ende dunkler Tage (Margaretes Weg 2)</a></center> </p>",Am Ende dunkler Tage (Margaretes Weg 2),29,am-ende-dunkler-tage-margaretes-weg-
2023-07-04 15:26:44.739026,"<p> <center><a href=""https://www.amazon.de/dp/B0BQJ54XN2?&tag=buch0ed-21"" target=""_blank""><img src=""https://m.media-amazon.com/images/I/71eC3JsSjPL._SY522_.jpg"" ""></a> </center></p><p><br></p> <p>Preis: €0.00</p> Deutschland, 1943: Vor zwei Jahren gab das Schicksal der Jüdin Margarete Rosenbaum die Chance den Nazis zu entkommen, als sie vorgab, eine von ihnen zu sein. Doch jetzt muss sie eine folgenschwere Ent...","<p> <center><a href=""https://www.amazon.de/dp/B0BQJ54XN2?&tag=buch0ed-21"" target=""_blank""><img src=""https://m.media-amazon.com/images/I/71eC3JsSjPL._SY522_.jpg"" ""></a> </center></p><p><br></p> <p>Preis: €0.00</p> Deutschland, 1943: Vor zwei Jahren gab das Schicksal der Jüdin Margarete Rosenbaum die Chance den Nazis zu entkommen, als sie vorgab, eine von ihnen zu sein. Doch jetzt muss sie eine folgenschwere Entscheidung treffen …Margarete lebt so, wie Annegret Huber es auch getan hätte, in einem prächtigen Gutshaus vor den Toren Berlins. Sie ist die Erbin eines riesigen Vermögens und hat alles in ihrer Macht Stehende getan, um die Bedingungen in der nahegelegenen Waffenfabrik zu verbessern und das Leid der Gefangenen zu lindern. Doch als der Krieg fortschreitet und die Nazis immer brutaler gegen Juden vorgehen, wird ihr klar, dass sie mehr tun muss.Sie hat von einem Weg in die Freiheit nach Schweden gehört und ihre Nachforschungen über die dortige Widerstandsbewegung führen sie zu einem Mann namens Stefan, zu dem sie sofort eine starke Verbindung spürt. Doch sie fürchtet, dass er ihr niemals vertrauen wird … es sei denn, sie verrät ihm das Geheimnis, dem sie ihr Leben verdankt.Der ergreifende dritte Teil der Bestseller-Reihe Margaretes Weg von Marion Kummerow, genau das Richtige für Fans von Der Tätowierer von Auschwitz, Alles Licht, das wir nicht sehen und Die Nachtigall.Was Leser:innen über Die Frau im Schatten sagen:»Unglaublich!! … WOW … Absolut großartig … Ich kann nicht beschreiben, wie gerne ich das Buch gelesen habe … Ich empfehle diese Geschichte wärmstens! … Einfach unglaublich!!« Goodreads Rezensentin, ⭐⭐⭐⭐⭐»Absolut fesselnd und erschütternd … Das Buch fühlt sich an wie ein Wettlauf mit der Zeit.« Goodreads Rezensentin, ⭐⭐⭐⭐⭐»Wunderbar, wunderbar … Ich war hin und weg … Ich konnte es nicht weglegen. Ich habe alles und jeden ignoriert, bis ich es fertig hatte.« Nicki’s Book Blog, ⭐⭐⭐⭐⭐»Ich habe dieses Buch innerhalb von 24 Stunden verschlungen … Herzzerreißende Szenen … Herzschmerz und Hoffnung und manchmal hatte ich das Gefühl, dass ich kaum Luft holen konnte.« Goodreads Rezensentin, ⭐⭐⭐⭐⭐»So emotional, herzzerreißend … Ich konnte das Buch nicht aus der Hand legen … Schnappt euch Taschentücher, denn dieses Buch wird euch zum Weinen bringen … Unbedingt lesen!« Goodreads Rezensentin, ⭐⭐⭐⭐⭐»Wenn dir Schindlers Liste gefallen hat und du einen rasanten 5-Sterne-Historienroman mit einer starken weiblichen Hauptfigur liebst, solltest du dieses Buch auf dem Schirm haben.«Goodreads Rezensentin, ⭐⭐⭐⭐⭐»Diese herzzerreißende, emotionale Lektüre … hat mich von der ersten Seite an in die Geschichte hineingezogen … zutiefst bewegend.« Goodreads Rezensentin, ⭐⭐⭐⭐⭐»Es bleibt noch lange nach der Lektüre im Gedächtnis … Ich habe geweint und geweint über die Ungerechtigkeit von all dem … Eine herzzerreißende Lektüre … gespickt mit Momenten der Güte, die mir Hoffnung für die Menschheit gaben.« Goodreads Rezensentin, ⭐⭐⭐⭐⭐ <p><strong>   Book 3 of 4      Margaretes Weg   <br>   Print length      322 pages   <br>   Language      German   <br>   Sticky notes      On Kindle Scribe   <br>   Publication date      7 Feb. 2023   <br>   File size      2419 KB   <br>   Page Flip      Enabled   <br>   Word Wise      Not Enabled   <br>   Enhanced typesetting      Enabled   </strong></p><p> <center><a href=""https://www.amazon.de/dp/B0BQJ54XN2?&tag=buch0ed-21"" target=""_blank"">Die Frau im Schatten (Margaretes Weg 3)</a></center> </p>",Die Frau im Schatten (Margaretes Weg 3),29,die-frau-im-schatten-margaretes-weg-
2023-07-04 15:27:01.220583,"<p> <center><a href=""https://www.amazon.de/dp/3442173981?&tag=buch0ed-21"" target=""_blank""><img src=""https://m.media-amazon.com/images/I/71HnuhB6YdL._SY522_.jpg"" ""></a> </center></p><p><br></p> <p>Preis: €13.00</p> Nach dem Erfolg des „Tiroler Zahlenrads“ jetzt der nachfolgende Titel für jedes Lebensalter!Das Zahlenrad ist ein Schlüssel zur Zufriedenheit der Seele – in allen Altersstufen und Lebenslagen! Nach de...","<p> <center><a href=""https://www.amazon.de/dp/3442173981?&tag=buch0ed-21"" target=""_blank""><img src=""https://m.media-amazon.com/images/I/71HnuhB6YdL._SY522_.jpg"" ""></a> </center></p><p><br></p> <p>Preis: €13.00</p> Nach dem Erfolg des „Tiroler Zahlenrads“ jetzt der nachfolgende Titel für jedes Lebensalter!Das Zahlenrad ist ein Schlüssel zur Zufriedenheit der Seele – in allen Altersstufen und Lebenslagen! Nach dem Erfolg des „Tiroler Zahlenrads“ legt das bekannte Autorenduo Paungger- Poppe „Das Buch der Lebenschancen“ vor. Darin werden die 31 Signaturen, also die Ziffernkombinationen im Zahlenrad, die das Geburtsdatum vorgibt, ausführlich gedeutet. Und zwar individuell für Kinder, Jugendliche, Erwachsene und Senioren. So werden verborgene Talente und Lebensaufgaben in jedem Lebensalter offenbar. Ein hilfreiches Praxisbuch für ein erfolgreiches, glückliches Leben! <p><strong>   Print length      400 pages   <br>   Language      German   <br>   Publisher      Goldmann Verlag   <br>   Publication date      20 May 2013   <br>   Dimensions      12.6 x 3 x 18.3 cm   <br>   ISBN-10      3442173981   <br>   ISBN-13      978-3442173983   </strong></p><p> <center><a href=""https://www.amazon.de/dp/3442173981?&tag=buch0ed-21"" target=""_blank"">Lebenschance Tiroler Zahlenrad - -: Sich und andere besser verstehen -</a></center> </p>",Lebenschance Tiroler Zahlenrad - -: Sich und andere besser verstehen -,29,lebenschance-tiroler-zahlenrad---sich-und-andere-besser-verstehen
2023-07-04 15:27:11.459763,"<p> <center><a href=""https://www.amazon.de/dp/373411165X?&tag=buch0ed-21"" target=""_blank""><img src=""https://m.media-amazon.com/images/I/81ulC4HLNDL._SY522_.jpg"" ""></a> </center></p><p><br></p> <p>Preis: €12.99</p> Der erste Fall für Kriminalkommissarin Lind: Der geniale Platz-1-Bestseller aus Schweden!Ein unglaubliches Verbrechen erschüttert die nordschwedische Stadt Boden: Eine Lehrerin, die keine Feinde zu ha...","<p> <center><a href=""https://www.amazon.de/dp/373411165X?&tag=buch0ed-21"" target=""_blank""><img src=""https://m.media-amazon.com/images/I/81ulC4HLNDL._SY522_.jpg"" ""></a> </center></p><p><br></p> <p>Preis: €12.99</p> Der erste Fall für Kriminalkommissarin Lind: Der geniale Platz-1-Bestseller aus Schweden!Ein unglaubliches Verbrechen erschüttert die nordschwedische Stadt Boden: Eine Lehrerin, die keine Feinde zu haben scheint, wird ermordet aufgefunden. Noch dazu hat der Täter ihren Leichnam brutal inszeniert: Zwei dicke Nägel wurden durch die Hände der Toten getrieben; sie selbst hängt an einem Deckenhaken, als ihr Ehemann sie entdeckt. Kriminalkommissarin Idun Lind muss herausfinden, warum es zu der schrecklichen Tat kam. Zusammen mit ihrem eigenbrötlerischem Partner Calle Brandt taucht Idun tief in eine schockierende Familiengeschichte ein – und bringt sich damit selbst in höchste Lebensgefahr ...»Wahnsinnig gut!« Go'kväll SVT! Verpassen Sie nicht das beste Debüt des Jahres! Alle Fälle von Kriminalkommissarin Idun Lind:ApfelmädchenGewittermann <p><strong>   Reading age       13+ years, from customers     <br>   Book 1 of 2      Kommissarin Lind ermittelt   <br>   Print length      512 pages   <br>   Language      German   <br>   Dimensions      13.3 x 4 x 21.4 cm   <br>   Publisher      Blanvalet Taschenbuch Verlag   <br>   Publication date      21 Jun. 2023   <br>   ISBN-10      373411165X   <br>   ISBN-13      978-3734111655   </strong></p><p> <center><a href=""https://www.amazon.de/dp/373411165X?&tag=buch0ed-21"" target=""_blank"">Apfelmädchen: Thriller - Nordisch, packend, topaktuell: Der Nr.1-Bestseller aus Schweden (Kommissarin Lind ermittelt, Band 1)</a></center> </p>","Apfelmädchen: Thriller - Nordisch, packend, topaktuell: Der Nr.1-Bestseller aus Schweden (Kommissarin Lind ermittelt, Band 1)",29,apfelmdchen-thriller--nordisch-packend-topaktuell-der-nr1bestseller-aus-schweden-kommissarin-lind-ermittelt-band-
